{
  "publishingOffice": "気象庁",
  "reportDatetime": "2021-11-16T11:00:00+09:00",
  "timeSeries": [
    {
      "timeDefines": [
        "2021-11-16T11:00:00+09:00",
        "2021-11-17T00:00:00+09:00",
        "2021-11-18T00:00:00+09:00"
      ],
      "areas": [
        {
          "area": {
            "name": "東京地方",
            "code": "130010"
          },
          "weatherCodes": [
            "111",
            "101",
            "200"
          ],
          "weathers": [
            "晴れ　夜　くもり",
            "晴れ　朝晩　くもり",
            "くもり"
          ],
          "winds": [
            "北東の風　２３区西部　では　北東の風　やや強く",
            "北の風　後　北東の風",
            "北の風"
          ],
          "waves": [
            "０．５メートル　後　１メートル",
            "０．５メートル",
            "０．５メートル"
          ]
        },
        {
          "area": {
            "name": "伊豆諸島北部",
            "code": "130020"
          },
          "weatherCodes": [
            "101",
            "201",
            "202"
          ],
          "weathers": [
            "晴れ　時々　くもり",
            "くもり　時々　晴れ　所により　朝晩　雨　で　雷を伴う",
            "くもり　一時　雨"
          ],
          "winds": [
            "北東の風　後　やや強く",
            "北東の風　やや強く",
            "北東の風　後　西の風"
          ],
          "waves": [
            "１．５メートル",
            "２メートル　後　１．５メートル　ただし　新島　では　２メートル",
            "１．５メートル"
          ]
        },
        {
          "area": {
            "name": "伊豆諸島南部",
            "code": "130030"
          },
          "weatherCodes": [
            "101",
            "203",
            "202"
          ],
          "weathers": [
            "晴れ　時々　くもり",
            "くもり　時々　雨　所により　昼前　まで　雷　を伴う",
            "くもり　一時　雨"
          ],
          "winds": [
            "北西の風",
            "北東の風　やや強く",
            "北東の風　後　西の風"
          ],
          "waves": [
            "１．５メートル",
            "１．５メートル　後　２．５メートル　ただし　三宅島　では　２．５メートル　後　２メートル",
            "２メートル　後　１．５メートル"
          ]
        },
        {
          "area": {
            "name": "小笠原諸島",
            "code": "130040"
          },
          "weatherCodes": [
            "203",
            "203",
            "200"
          ],
          "weathers": [
            "くもり　時々　雨　所により　雷　を伴う",
            "くもり　昼過ぎ　まで　時々　雨　所により　昼前　まで　雷　を伴う",
            "くもり"
          ],
          "winds": [
            "北東の風",
            "北東の風",
            "北東の風"
          ],
          "waves": [
            "２．５メートル　後　２メートル",
            "２メートル",
            "１．５メートル"
          ]
        }
      ]
    },
    {
      "timeDefines": [
        "2021-11-16T12:00:00+09:00",
        "2021-11-16T18:00:00+09:00",
        "2021-11-17T00:00:00+09:00",
        "2021-11-17T06:00:00+09:00",
        "2021-11-17T12:00:00+09:00",
        "2021-11-17T18:00:00+09:00"
      ],
      "areas": [
        {
          "area": {
            "name": "東京地方",
            "code": "130010"
          },
          "pops": [
            "10",
            "10",
            "10",
            "0",
            "0",
            "10"
          ]
        },
        {
          "area": {
            "name": "伊豆諸島北部",
            "code": "130020"
          },
          "pops": [
            "10",
            "20",
            "30",
            "20",
            "20",
            "30"
          ]
        },
        {
          "area": {
            "name": "伊豆諸島南部",
            "code": "130030"
          },
          "pops": [
            "10",
            "10",
            "30",
            "50",
            "50",
            "50"
          ]
        },
        {
          "area": {
            "name": "小笠原諸島",
            "code": "130040"
          },
          "pops": [
            "50",
            "50",
            "50",
            "50",
            "50",
            "30"
          ]
        }
      ]
    },
    {
      "timeDefines": [
        "2021-11-16T09:00:00+09:00",
        "2021-11-16T00:00:00+09:00",
        "2021-11-17T00:00:00+09:00",
        "2021-11-17T09:00:00+09:00"
      ],
      "areas": [
        {
          "area": {
            "name": "東京",
            "code": "44132"
          },
          "temps": [
            "19",
            "19",
            "10",
            "18"
          ]
        },
        {
          "area": {
            "name": "大島",
            "code": "44172"
          },
          "temps": [
            "19",
            "19",
            "13",
            "17"
          ]
        },
        {
          "area": {
            "name": "八丈島",
            "code": "44263"
          },
          "temps": [
            "21",
            "21",
            "14",
            "18"
          ]
        },
        {
          "area": {
            "name": "父島",
            "code": "44301"
          },
          "temps": [
            "27",
            "27",
            "22",
            "25"
          ]
        }
      ]
    }
  ]
}